Business Name,Phone Number,Google Maps Link
Madni Real Estate || Best Real Estate Agency In Faisalabad,+92 301 6044097,https://www.google.com/maps/place/Madni+Real+Estate+%7C%7C+Best+Real+Estate+Agency+In+Faisalabad/data=!4m7!3m6!1s0x39226941c3501b8f:0x6afa8d38c23d7366!8m2!3d31.4095935!4d73.0976212!16s%2Fg%2F11twq4dn12!19sChIJjxtQw0FpIjkRZnM9wjiN-mo?authuser=0&hl=en&g_ep=EgoyMDI2MDkwMi4wIJJjKgBIAVAD&rclk=1
Talha Real Estate - Citi Housing Faisalabad,+92 328 3300111,https://www.google.com/maps/place/Talha+Real+Estate+-+Citi+Housing+Faisalabad/data=!4m7!3m6!1s0x39225d17424ad4ef:0xd71a21862797818e!8m2!3d31.3272472!4d73.0855682!16s%2Fg%2F11ynv5r8pd!19sChIJ79RKQhddIjkRjoGXJ4YhGtc?authuser=0&hl=en&g_ep=EgoyMDI2MDkwMi4wIJJjKgBIAVAD&rclk=1
Zee Real Estates,+92 300 5378199,https://www.google.com/maps/place/Zee+Real+Estates/data=!4m7!3m6!1s0x39226fc856ab6d4f:0xdf319d203c3d4b39!8m2!3d31.4752806!4d73.2166329!16s%2Fg%2F11qr966x31!19sChIJT22rVshvIjkROUs9PCCdMd8?authuser=0&hl=en&g_ep=EgoyMDI2MDkwMi4wIJJjKgBIAVAD&rclk=1
Master Estate Agency,+92 312 7653912,https://www.google.com/maps/place/Master+Estate+Agency/data=!4m7!3m6!1s0x39226723f116bceb:0x10970f14ee2662f3!8m2!3d31.3903615!4d73.1000491!16s%2Fg%2F11fj_wlf0m!19sChIJ67wW8SNnIjkR82Im7hQPlxA?authuser=0&hl=en&g_ep=EgoyMDI2MDkwMi4wIJJjKgBIAVAD&rclk=1
Faisalabad Real Estate Property Dealing Agency,+92 309 6652300,https://www.google.com/maps/place/Faisalabad+Real+Estate+Property+Dealing+Agency/data=!4m7!3m6!1s0x392267cb33ff0061:0x17c2b062f602161e!8m2!3d31.3990551!4d73.1522716!16s%2Fg%2F11yrswfgpr!19sChIJYQD_M8tnIjkRHhYC9mKwwhc?authuser=0&hl=en&g_ep=EgoyMDI2MDkwMi4wIJJjKgBIAVAD&rclk=1
GRACE Properties wapda city Faisalabad,+92 300 7987660,https://www.google.com/maps/place/GRACE+Properties+wapda+city+Faisalabad/data=!4m7!3m6!1s0x39226ffe196b589b:0xb608bfc3ee395291!8m2!3d31.4999519!4d73.2188574!16s%2Fg%2F11j1l3s2gm!19sChIJm1hrGf5vIjkRkVI57sO_CLY?authuser=0&hl=en&g_ep=EgoyMDI2MDkwMi4wIJJjKgBIAVAD&rclk=1
LandMark Real Estate & Developers Faisalabad | Property Dealers,+92 301 7078008,https://www.google.com/maps/place/LandMark+Real+Estate+%26+Developers+Faisalabad+%7C+Property+Dealers/data=!4m7!3m6!1s0x392269b74827fe23:0x264ce9001ce5291c!8m2!3d31.4337523!4d73.1430955!16s%2Fg%2F11q7f1_274!19sChIJI_4nSLdpIjkRHCnlHADpTCY?authuser=0&hl=en&g_ep=EgoyMDI2MDkwMi4wIJJjKgBIAVAD&rclk=1
Property dealer faisalabad,+92 313 7200050,https://www.google.com/maps/place/Property+dealer+faisalabad/data=!4m7!3m6!1s0x39225d8d70b65f27:0xac592f1ce406fcc4!8m2!3d31.3517085!4d73.0624777!16s%2Fg%2F11fjmgj8dt!19sChIJJ1-2cI1dIjkRxPwG5BwvWaw?authuser=0&hl=en&g_ep=EgoyMDI2MDkwMi4wIJJjKgBIAVAD&rclk=1
Faisalabad Property Dealer,+92 300 7009406,https://www.google.com/maps/place/Faisalabad+Property+Dealer/data=!4m7!3m6!1s0x39224339013ed9dd:0xa24eefe035511fd8!8m2!3d31.4571032!4d73.083312!16s%2Fg%2F11ptvh1bb0!19sChIJ3dk-ATlDIjkR2B9RNeDvTqI?authuser=0&hl=en&g_ep=EgoyMDI2MDkwMi4wIJJjKgBIAVAD&rclk=1
Chenab Estate Advisors,+92 301 7168660,https://www.google.com/maps/place/Chenab+Estate+Advisors/data=!4m7!3m6!1s0x39225dbf92676b67:0xb82309ab0e76a5bf!8m2!3d31.4154534!4d73.1155461!16s%2Fg%2F11vc8bwtpj!19sChIJZ2tnkr9dIjkRv6V2DqsJI7g?authuser=0&hl=en&g_ep=EgoyMDI2MDkwMi4wIJJjKgBIAVAD&rclk=1
ArzaayPak.com: Your Real Estate Experts,+92 321 3219321,https://www.google.com/maps/place/ArzaayPak.com:+Your+Real+Estate+Experts/data=!4m7!3m6!1s0x392269e9b5d5bc29:0x47e7bc23ed23e89!8m2!3d31.4555814!4d73.1600294!16s%2Fg%2F11sdykhz6b!19sChIJKbzVtelpIjkRiT7SPsJ7fgQ?authuser=0&hl=en&g_ep=EgoyMDI2MDkwMi4wIJJjKgBIAVAD&rclk=1
TAMRE Properties,+92 300 1690207,https://www.google.com/maps/place/TAMRE+Properties/data=!4m7!3m6!1s0x3922690eb7455bef:0xe7413c0726f000dd!8m2!3d31.5148993!4d73.0745659!16s%2Fg%2F11z5_6np_s!19sChIJ71tFtw5pIjkR3QDwJgc8Qec?authuser=0&hl=en&g_ep=EgoyMDI2MDkwMi4wIJJjKgBIAVAD&rclk=1
Faisalabad Realtors,+92 300 8261111,https://www.google.com/maps/place/Faisalabad+Realtors/data=!4m7!3m6!1s0x39226925d3b65a37:0xe0babd5089e745b6!8m2!3d31.4124872!4d73.1150798!16s%2Fg%2F11h5pnt29v!19sChIJN1q20yVpIjkRtkXniVC9uuA?authuser=0&hl=en&g_ep=EgoyMDI2MDkwMi4wIJJjKgBIAVAD&rclk=1
Azeem Estate Agency,+92 321 8669086,https://www.google.com/maps/place/Azeem+Estate+Agency/data=!4m7!3m6!1s0x39226869748ce861:0x86e0dfb9e1f1c6da!8m2!3d31.422804!4d73.1184866!16s%2Fg%2F12mkz5_9k!19sChIJYeiMdGloIjkR2sbx4bnf4IY?authuser=0&hl=en&g_ep=EgoyMDI2MDkwMi4wIJJjKgBIAVAD&rclk=1
Haven Properties,+92 321 5325555,https://www.google.com/maps/place/Haven+Properties/data=!4m7!3m6!1s0x3922433a6a19d1ad:0x2054715222ee3e08!8m2!3d31.4039684!4d73.1040737!16s%2Fg%2F11m_d665_8!19sChIJrdEZajpDIjkRCD7uIlJxVCA?authuser=0&hl=en&g_ep=EgoyMDI2MDkwMi4wIJJjKgBIAVAD&rclk=1
Crystal Pakistan,+92 300 7997711,https://www.google.com/maps/place/Crystal+Pakistan/data=!4m7!3m6!1s0x61cc61445f118ee9:0xf5bcc9e4a99405ec!8m2!3d32.5270456!4d73.6706674!16s%2Fg%2F11sjzwvfm2!19sChIJ6Y4RX0RhzGER7AWUqeTJvPU?authuser=0&hl=en&g_ep=EgoyMDI2MDkwMi4wIJJjKgBIAVAD&rclk=1
"LOYAL GROUP) (REAL ESTATE, DEVELOPER'S, BUILDER'S, ARCHITECTS)",+92 300 7949119,"https://www.google.com/maps/place/LOYAL+GROUP%29+%28REAL+ESTATE,+DEVELOPER%27S,+BUILDER%27S,+ARCHITECTS%29/data=!4m7!3m6!1s0x392241e82af98711:0x396c496f35448462!8m2!3d31.5083203!4d73.0730036!16s%2Fg%2F11c12gxw_h!19sChIJEYf5KuhBIjkRYoRENW9JbDk?authuser=0&hl=en&g_ep=EgoyMDI2MDkwMi4wIJJjKgBIAVAD&rclk=1"
Citi Housing Faisalabad,+92 41 8459507,https://www.google.com/maps/place/Citi+Housing+Faisalabad/data=!4m7!3m6!1s0x3922403389c41ffd:0xf8ad678da7214c56!8m2!3d31.5367174!4d73.0706248!16s%2Fg%2F11b7w8lwlk!19sChIJ_R_EiTNAIjkRVkwhp41nrfg?authuser=0&hl=en&g_ep=EgoyMDI2MDkwMi4wIJJjKgBIAVAD&rclk=1
MGG Real Estate & Developers,+92 307 2392732,https://www.google.com/maps/place/MGG+Real+Estate+%26+Developers/data=!4m7!3m6!1s0x392269d17e365e2d:0x493e336563c4dfb7!8m2!3d31.4268367!4d73.149734!16s%2Fg%2F11tdcn5cfq!19sChIJLV42ftFpIjkRt9_EY2UzPkk?authuser=0&hl=en&g_ep=EgoyMDI2MDkwMi4wIJJjKgBIAVAD&rclk=1
UK REAL ESTATE,+92 306 7270631,https://www.google.com/maps/place/UK+REAL+ESTATE/data=!4m7!3m6!1s0x392267f2b050fcf7:0xd592d2348ed94afa!8m2!3d31.374037!4d73.1327496!16s%2Fg%2F11pq52f8jj!19sChIJ9_xQsPJnIjkR-krZjjTSktU?authuser=0&hl=en&g_ep=EgoyMDI2MDkwMi4wIJJjKgBIAVAD&rclk=1
Mian Brothers Estate Agency,Not Found,https://www.google.com/maps/place/Mian+Brothers+Estate+Agency/data=!4m7!3m6!1s0x392242a505bff8c1:0xdacb8a32f9bdd9d!8m2!3d31.4115728!4d73.0784479!16s%2Fg%2F11bbvpn74p!19sChIJwfi_BaVCIjkRnd2bL6O4rA0?authuser=0&hl=en&g_ep=EgoyMDI2MDkwMi4wIJJjKgBIAVAD&rclk=1
Akhtar Property Dealers,+92 321 9655504,https://www.google.com/maps/place/Akhtar+Property+Dealers/data=!4m7!3m6!1s0x3922680b797d70f3:0xc639a2a25f965c66!8m2!3d31.4076705!4d73.1087516!16s%2Fg%2F1tfkjkkk!19sChIJ83B9eQtoIjkRZlyWX6KiOcY?authuser=0&hl=en&g_ep=EgoyMDI2MDkwMi4wIJJjKgBIAVAD&rclk=1
Multi Planet Property Management (Faisalabad Branch),+92 345 7937317,https://www.google.com/maps/place/Multi+Planet+Property+Management+%28Faisalabad+Branch%29/data=!4m7!3m6!1s0x3922693b8de6f289:0xb8bd8e2c166885b9!8m2!3d31.4553523!4d73.1599151!16s%2Fg%2F11xfddb_ls!19sChIJifLmjTtpIjkRuYVoFiyOvbg?authuser=0&hl=en&g_ep=EgoyMDI2MDkwMi4wIJJjKgBIAVAD&rclk=1
Crystal Pakistan,+92 300 7997711,https://www.google.com/maps/place/Crystal+Pakistan/data=!4m7!3m6!1s0x61cc61445f118ee9:0xf5bcc9e4a99405ec!8m2!3d32.5270456!4d73.6706674!16s%2Fg%2F11sjzwvfm2!19sChIJ6Y4RX0RhzGER7AWUqeTJvPU?authuser=0&hl=en&g_ep=EgoyMDI2MDkwMi4wIJJjKgBIAVAD&rclk=1
Bridge4Homes Real Estate Consultants,+92 320 1671171,https://www.google.com/maps/place/Bridge4Homes+Real+Estate+Consultants/data=!4m7!3m6!1s0x392242053cf30205:0x858fd24e23628c89!8m2!3d31.366442!4d73.1379176!16s%2Fg%2F11llkfk6sl!19sChIJBQLzPAVCIjkRiYxiI07Sj4U?authuser=0&hl=en&g_ep=EgoyMDI2MDkwMi4wIJJjKgBIAVAD&rclk=1
Allied Housing,+92 321 2220242,https://www.google.com/maps/place/Allied+Housing/data=!4m7!3m6!1s0x39225dcb960dc0b9:0x648b291e95caf80b!8m2!3d31.3255351!4d73.0408169!16s%2Fg%2F1yfdpfjpf!19sChIJucANlstdIjkRC_jKlR4pi2Q?authuser=0&hl=en&g_ep=EgoyMDI2MDkwMi4wIJJjKgBIAVAD&rclk=1
Ghalib City,Not Found,https://www.google.com/maps/place/Ghalib+City/data=!4m7!3m6!1s0x3922699280819d17:0xc3a3299a5b51c488!8m2!3d31.4208163!4d73.1467672!16s%2Fg%2F11h18z3bf9!19sChIJF52BgJJpIjkRiMRRW5opo8M?authuser=0&hl=en&g_ep=EgoyMDI2MDkwMi4wIJJjKgBIAVAD&rclk=1
Ch M Tariq Property Dealer,+92 321 3312605,https://www.google.com/maps/place/Ch+M+Tariq+Property+Dealer/data=!4m7!3m6!1s0x39224330ad61b777:0x937261456bf29664!8m2!3d31.4194443!4d73.0673165!16s%2Fg%2F11fqbgww6x!19sChIJd7dhrTBDIjkRZJbya0VhcpM?authuser=0&hl=en&g_ep=EgoyMDI2MDkwMi4wIJJjKgBIAVAD&rclk=1
Moon Real Estate,+92 313 2024948,https://www.google.com/maps/place/Moon+Real+Estate/data=!4m7!3m6!1s0x392268926ddd456b:0x757a19b96ac5376!8m2!3d31.4260493!4d73.1475649!16s%2Fg%2F11csq7f5d6!19sChIJa0XdbZJoIjkRdlOslpuhVwc?authuser=0&hl=en&g_ep=EgoyMDI2MDkwMi4wIJJjKgBIAVAD&rclk=1
Real Estate or Builders in Faisalabad,+92 301 1738423,https://www.google.com/maps/place/Real+Estate+or+Builders+in+Faisalabad/data=!4m7!3m6!1s0x3922679066dc4eb9:0x79c8af0fe9528981!8m2!3d31.3945857!4d73.1191704!16s%2Fg%2F11fstmkcn6!19sChIJuU7cZpBnIjkRgYlS6Q-vyHk?authuser=0&hl=en&g_ep=EgoyMDI2MDkwMi4wIJJjKgBIAVAD&rclk=1
Realtors2 Faisalabad,+92 300 2022334,https://www.google.com/maps/place/Realtors2+Faisalabad/data=!4m7!3m6!1s0x392269670d09dfc7:0xa1275d9abcbcb334!8m2!3d31.412973!4d73.1138071!16s%2Fg%2F11p03nshf7!19sChIJx98JDWdpIjkRNLO8vJpdJ6E?authuser=0&hl=en&g_ep=EgoyMDI2MDkwMi4wIJJjKgBIAVAD&rclk=1
Naqvi estate agency faisalabad,+92 300 0787906,https://www.google.com/maps/place/Naqvi+estate+agency+faisalabad/data=!4m7!3m6!1s0x3922697e140701d5:0x8e2cc44de6df30a0!8m2!3d31.4112598!4d73.0955368!16s%2Fg%2F11fsnzdqr2!19sChIJ1QEHFH5pIjkRoDDf5k3ELI4?authuser=0&hl=en&g_ep=EgoyMDI2MDkwMi4wIJJjKgBIAVAD&rclk=1
Hanzala Real Estate,+92 300 7273078,https://www.google.com/maps/place/Hanzala+Real+Estate/data=!4m7!3m6!1s0x3922690a50abf7d3:0xdf9504dc756ca2e8!8m2!3d31.4293028!4d73.1523817!16s%2Fg%2F11trlqb6k5!19sChIJ0_erUAppIjkR6KJsddwEld8?authuser=0&hl=en&g_ep=EgoyMDI2MDkwMi4wIJJjKgBIAVAD&rclk=1
AL Meezan Real Estate,+92 300 6622098,https://www.google.com/maps/place/AL+Meezan+Real+Estate/data=!4m7!3m6!1s0x39226922b55c142f:0x5ac087523e850eef!8m2!3d31.427562!4d73.1527107!16s%2Fg%2F11s17q8zbf!19sChIJLxRctSJpIjkR7w6FPlKHwFo?authuser=0&hl=en&g_ep=EgoyMDI2MDkwMi4wIJJjKgBIAVAD&rclk=1
Faisalabad Realtors Commercial Market,+92 345 1110500,https://www.google.com/maps/place/Faisalabad+Realtors+Commercial+Market/data=!4m7!3m6!1s0x3922690e345c7827:0x2133995229290ece!8m2!3d31.4267273!4d73.1268311!16s%2Fg%2F11v0mqgwyf!19sChIJJ3hcNA5pIjkRzg4pKVKZMyE?authuser=0&hl=en&g_ep=EgoyMDI2MDkwMi4wIJJjKgBIAVAD&rclk=1
Angel Real Estate & Builders,+92 322 6396199,https://www.google.com/maps/place/Angel+Real+Estate+%26+Builders/data=!4m7!3m6!1s0x39225dd00bbe9dfb:0x3bf5f8cc2cfbebf4!8m2!3d31.4294025!4d73.1211221!16s%2Fg%2F11nms39bm1!19sChIJ-52-C9BdIjkR9Ov7LMz49Ts?authuser=0&hl=en&g_ep=EgoyMDI2MDkwMi4wIJJjKgBIAVAD&rclk=1
Al Barkat Real Estate,+92 319 0209697,https://www.google.com/maps/place/Al+Barkat+Real+Estate/data=!4m7!3m6!1s0x3922698d714b9283:0x113b98a586ce1c1!8m2!3d31.4096734!4d73.1551237!16s%2Fg%2F11s2yhhnhd!19sChIJg5JLcY1pIjkRweFsWIq5EwE?authuser=0&hl=en&g_ep=EgoyMDI2MDkwMi4wIJJjKgBIAVAD&rclk=1
Al Farooq Estate Faisalabad,+92 300 6606131,https://www.google.com/maps/place/Al+Farooq+Estate+Faisalabad/data=!4m7!3m6!1s0x392243c2cfb448e3:0x29c34cfbd6a89af!8m2!3d31.4100535!4d73.0556895!16s%2Fg%2F11l6f3x_w2!19sChIJ40i0z8JDIjkRr4lqvc80nAI?authuser=0&hl=en&g_ep=EgoyMDI2MDkwMi4wIJJjKgBIAVAD&rclk=1
Al-madina Estate Agency,+92 300 9615984,https://www.google.com/maps/place/Al-madina+Estate+Agency/data=!4m7!3m6!1s0x3922699a21697ff5:0x4389bc62b278ab00!8m2!3d31.4272638!4d73.1165593!16s%2Fg%2F11ypjycw1v!19sChIJ9X9pIZppIjkRAKt4smK8iUM?authuser=0&hl=en&g_ep=EgoyMDI2MDkwMi4wIJJjKgBIAVAD&rclk=1
City Housing Scheme Sargodha road Faisalabad,Not Found,https://www.google.com/maps/place/City+Housing+Scheme+Sargodha+road+Faisalabad/data=!4m7!3m6!1s0x392241220ecb3117:0x2f3b1d6578466a7c!8m2!3d31.5314001!4d73.0720502!16s%2Fg%2F11fkf1bnl0!19sChIJFzHLDiJBIjkRfGpGeGUdOy8?authuser=0&hl=en&g_ep=EgoyMDI2MDkwMi4wIJJjKgBIAVAD&rclk=1
Faisalabad Real Estate,+92 322 6020921,https://www.google.com/maps/place/Faisalabad+Real+Estate/data=!4m7!3m6!1s0x3922695e459190c3:0x16991862a6e43d76!8m2!3d31.4267036!4d73.1534704!16s%2Fg%2F11yv61671q!19sChIJw5CRRV5pIjkRdj3kpmIYmRY?authuser=0&hl=en&g_ep=EgoyMDI2MDkwMi4wIJJjKgBIAVAD&rclk=1
Rizwan Estate Faisalabad,+92 321 7536613,https://www.google.com/maps/place/Rizwan+Estate+Faisalabad/data=!4m7!3m6!1s0x3922698ff104fa31:0xb357291c62298a62!8m2!3d31.4360099!4d73.1080902!16s%2Fg%2F11ft1c1m00!19sChIJMfoE8Y9pIjkRYoopYhwpV7M?authuser=0&hl=en&g_ep=EgoyMDI2MDkwMi4wIJJjKgBIAVAD&rclk=1
Home solution real estate & rent a car,Not Found,https://www.google.com/maps/place/Home+solution+real+estate+%26+rent+a+car/data=!4m7!3m6!1s0x3922690fefd615d5:0x84648c982cb13e84!8m2!3d31.4350092!4d73.1171857!16s%2Fg%2F11s18p76sn!19sChIJ1RXW7w9pIjkRhD6xLJiMZIQ?authuser=0&hl=en&g_ep=EgoyMDI2MDkwMi4wIJJjKgBIAVAD&rclk=1
SHIRAZI REAL ESTATE,+92 300 9650574,https://www.google.com/maps/place/SHIRAZI+REAL+ESTATE/data=!4m7!3m6!1s0x3922690e4d045a81:0xa37eaef799a6fee1!8m2!3d31.4301643!4d73.1137126!16s%2Fg%2F11t3_cnphd!19sChIJgVoETQ5pIjkR4f6mmfeufqM?authuser=0&hl=en&g_ep=EgoyMDI2MDkwMi4wIJJjKgBIAVAD&rclk=1
Apna Ghar Real Estate Linkers,+92 336 1111336,https://www.google.com/maps/place/Apna+Ghar+Real+Estate+Linkers/data=!4m7!3m6!1s0x392267646ed93c01:0x39b66baaaa149139!8m2!3d31.4026849!4d73.1286671!16s%2Fg%2F11j1fjmljm!19sChIJATzZbmRnIjkROZEUqqprtjk?authuser=0&hl=en&g_ep=EgoyMDI2MDkwMi4wIJJjKgBIAVAD&rclk=1
Faisal Commercial market,+92 301 7161717,https://www.google.com/maps/place/Faisal+Commercial+market/data=!4m7!3m6!1s0x39226913a5f7e953:0x99f135db0c8f5629!8m2!3d31.4300266!4d73.1489627!16s%2Fg%2F11vqqr5zfk!19sChIJU-n3pRNpIjkRKVaPDNs18Zk?authuser=0&hl=en&g_ep=EgoyMDI2MDkwMi4wIJJjKgBIAVAD&rclk=1
Deewan Associates and builders,+92 302 7930103,https://www.google.com/maps/place/Deewan+Associates+and+builders/data=!4m7!3m6!1s0x392269003ba853e3:0x5d00fb475a76f960!8m2!3d31.4272638!4d73.1165593!16s%2Fg%2F11z7g_sf8b!19sChIJ41OoOwBpIjkRYPl2Wkf7AF0?authuser=0&hl=en&g_ep=EgoyMDI2MDkwMi4wIJJjKgBIAVAD&rclk=1
Madina Estate Agency,+92 300 1815050,https://www.google.com/maps/place/Madina+Estate+Agency/data=!4m7!3m6!1s0x392269a197b049f5:0x38091d3d24938ee3!8m2!3d31.4254286!4d73.1197354!16s%2Fg%2F11khy0ln7t!19sChIJ9Umwl6FpIjkR446TJD0dCTg?authuser=0&hl=en&g_ep=EgoyMDI2MDkwMi4wIJJjKgBIAVAD&rclk=1
Hafiz Estate,+92 300 9651051,https://www.google.com/maps/place/Hafiz+Estate/data=!4m7!3m6!1s0x3922690547ef25a5:0xd55e7a6238b9d864!8m2!3d31.4267472!4d73.1267015!16s%2Fg%2F11h6v7jrsj!19sChIJpSXvRwVpIjkRZNi5OGJ6XtU?authuser=0&hl=en&g_ep=EgoyMDI2MDkwMi4wIJJjKgBIAVAD&rclk=1
"Punjab Govt. Servants Housing Foundation, Scheme",+92 321 5757656,"https://www.google.com/maps/place/Punjab+Govt.+Servants+Housing+Foundation,+Scheme/data=!4m7!3m6!1s0x392266537d2bb26f:0xfff8609d4be3622c!8m2!3d31.3675062!4d73.1372747!16s%2Fg%2F1pp2tzn_d!19sChIJb7IrfVNmIjkRLGLjS51g-P8?authuser=0&hl=en&g_ep=EgoyMDI2MDkwMi4wIJJjKgBIAVAD&rclk=1"
Mahdi Estate Developers,+92 321 8181888,https://www.google.com/maps/place/Mahdi+Estate+Developers/data=!4m7!3m6!1s0x39226944a4862be7:0x6a2a48a8d22c94c!8m2!3d31.4221148!4d73.1175431!16s%2Fg%2F11n0cd_dnb!19sChIJ5yuGpERpIjkRTMkijYqkogY?authuser=0&hl=en&g_ep=EgoyMDI2MDkwMi4wIJJjKgBIAVAD&rclk=1
Nawaz Estates Faisalabad,+92 334 0639007,https://www.google.com/maps/place/Nawaz+Estates+Faisalabad/data=!4m7!3m6!1s0x3922695351fddea7:0xe854bd7b39bd33fe!8m2!3d31.4160198!4d73.1256755!16s%2Fg%2F11j0d3r227!19sChIJp979UVNpIjkR_jO9OXu9VOg?authuser=0&hl=en&g_ep=EgoyMDI2MDkwMi4wIJJjKgBIAVAD&rclk=1
MG Associates,+92 319 8456977,https://www.google.com/maps/place/MG+Associates/data=!4m7!3m6!1s0x392269d31fa5dd65:0x827dca18866dc348!8m2!3d31.4372674!4d73.1197053!16s%2Fg%2F11tmxh453b!19sChIJZd2lH9NpIjkRSMNthhjKfYI?authuser=0&hl=en&g_ep=EgoyMDI2MDkwMi4wIJJjKgBIAVAD&rclk=1
Jaageer.com,+92 304 1112627,https://www.google.com/maps/place/Jaageer.com/data=!4m7!3m6!1s0x39219de2f41b3773:0x7869a4220d106bc6!8m2!3d32.0445942!4d72.7786995!16s%2Fg%2F11hzxnwvkw!19sChIJczcb9OKdITkRxmsQDSKkaXg?authuser=0&hl=en&g_ep=EgoyMDI2MDkwMi4wIJJjKgBIAVAD&rclk=1
Alharam Estate Agency,+92 300 6608302,https://www.google.com/maps/place/Alharam+Estate+Agency/data=!4m7!3m6!1s0x392269c17201f54b:0x5fd2f0e4321c82ef!8m2!3d31.4272638!4d73.1165593!16s%2Fg%2F11msmdr45r!19sChIJS_UBcsFpIjkR74IcMuTw0l8?authuser=0&hl=en&g_ep=EgoyMDI2MDkwMi4wIJJjKgBIAVAD&rclk=1
Faisalabad Property Marketing Consultant,+92 325 0041919,https://www.google.com/maps/place/Faisalabad+Property+Marketing+Consultant/data=!4m7!3m6!1s0x3922698b2bb0b6a5:0x915c26be85625f7e!8m2!3d31.416234!4d73.1257706!16s%2Fg%2F11wptrdljy!19sChIJpbawK4tpIjkRfl9ihb4mXJE?authuser=0&hl=en&g_ep=EgoyMDI2MDkwMi4wIJJjKgBIAVAD&rclk=1
